,user,rt_user
0,Irenehammer,[' @kelly_carlin']
1,OccupyHsv,"[' @OccupySF', ' @OccupySF', ' @OccupySF', ' @OccupySF']"
2,asperkimberly,[' @ForseenUnNamed']
3,superbranch,[' @diceylee808']
4,DemsatSFSU,"[' @JoshuaHol', ' @PyreBorn']"
5,BKronick,[' @Badgitator']
6,jodicanary0501,[' @CharlesBivona']
7,tourtored1221,[' @PsychoNotLiz']
8,Canarycall,"[' @diceylee808', ' @TorianBrown']"
9,BakaKale,[' @RichardKimNYC']
10,agentdarkapple,[' @The99Pct']
11,timmytink,[' @TheEdShow']
12,NasJab,[' @hadearkandil']
13,sfslim,[' @OccupySF']
14,MattVTyler,[' @jacobchicago @MattVTyler']
15,aaronaites,[' @99_film']
16,imchasesbrain,[' @Badgitator']
17,OpeningPage,[' @OpWallStreet']
18,deezthugs,[' @jeremyscahill']
19,dmcrane,"[' @TheNewDeal', ' @Spudlovr']"
20,cassandraheresy,"[' @angela0328', ' @UnanimousHQ', ' @Dharmapunk12', ' @caine2000']"
21,veggienut,"[' @KeithOlbermann', ' @ChipleKira']"
22,malasadasbooks,[' @LOLGOP']
23,angelindiskies,"[' @Badgitator', ' @OccupyToledo']"
24,LeftSlashRight,"[' @TheNewDeal', ' @BlueDuPage', ' @peterrothberg', ' @singlepayer', ' @AngryBlackLady']"
25,TheVinceEdwards,"[' @KeithOlbermann', ' @ChipleKira']"
26,AnoniW33ZY,[' @diceylee808']
27,ArmAnon,"[' @KeithOlbermann', ' @ChipleKira', ' @Badgitator']"
28,reneeroman300,"[' @MikeHeXt', ' @KeithOlbermann', ' @ChipleKira']"
29,jlr_1969,"[' @KeithOlbermann', ' @ChipleKira']"
30,Benjamin_Flex,[' @Spudlovr']
31,HEALERBREE,"[' @allisonkilkenny', ' @OccupyWallStNYC', ' @OccupyWallSt', ' @KeithOlbermann', ' @ChipleKira', ' @PyreBorn']"
32,SooperMexican,"[' @JoshuaHol', ' @PyreBorn']"
33,Kaydreein,"[' @DonShappelle', ' @OccupyMainSt', ' @SolCollins: @moposc']"
34,yeahhcurtis,[' @OccupyMainSt: @ErinBurnettCNN']
35,pulserazor,[' @TheLoneDeranger']
36,FinchHaven,"[' @KeithOlbermann', ' @ChipleKira']"
37,WR_,[' @bluedupage']
38,cgartmann24,[' @CharlesBivona']
39,Myss_Relentless,[' @Badgitator']
40,silviaglaa,[' @Ciudadano_Zer0']
41,Tawanda46,"[' @OccupySF', ' @diceylee808', ' @LibertyBelle4', ' @Thomasgivens', ' @Ilikewoods: @Tawanda46', ' @OccupySF', ' @OccupySF']"
42,URSUExternal,"[' @Joshsod', ' @pixls']"
43,OccupyBham,"[' @OccupySF', ' @OccupySF', ' @Badgitator']"
44,simplyShervin,[' @Badgitator']
45,Nougatrocity,[' @Spudlovr']
46,Balkingpoints,"[' @nicolesandler', ' @jeremyscahill']"
47,InaGrae,[' @jeremyscahill']
48,red_rogers,[' @mpjackson']
49,sardonicallyme,[' @OccupyMainSt']
50,VoiceFromLeft,[' @OccupyMainSt']
51,occupygreenbay,"[' @OccupySF', ' @OccupySF', ' @Spudlovr', ' @sundeux', ' @Spudlovr', ' @Spudlovr']"
52,liveforthesun,"[' @PoliticsOfFear', ' @punkflamingo']"
53,randytweets510,"[' @DaveMc99TA', ' @jeremyscahill', ' @TheNewDeal', ' @Spudlovr', ' @singlepayer']"
54,tinajbowen,[' @CharlesBivona']
55,starshollowgzt,"[' @KevDGrussing', ' @OccupyMainSt', ' @Titleixbaby', ' @UltraVerified', ' @LibertyBelle4', ' @KeithOlbermann', ' @ChipleKira', ' @McBlondeLand', ' .@KeithOlbermann', ' @JC_Christian', ' @mobius1ski']"
56,Lusho0487,[' @anonops']
57,singlepayer,[' @UltraVerified']
58,mditeresa,[' @ChipleKira']
59,klejko,[' @anonops']
60,verfremdung,[' @99_film']
61,AnnaLovesBooks,[' @OccupySF']
62,PARKETH84,[' @MJMcKean']
63,Scoopyex,[' @OccupySF']
64,critmasspanic,[' @anonops']
65,kreneskyp,[' @cjoh']
66,phill_spiker,[' @diceylee808']
67,Perlins,[' @TheNewDeal']
68,tylerhjames64,[' @PyreBorn']
69,JanSKay,[' @UnderdogLib']
70,GlobalOccupier,[' @sundeux']
71,pdjmoo,[' @DailyKos']
72,AshleyFloyd,"[' @KeithOlbermann', ' @ChipleKira']"
73,holidaygoheavy,[' @ElizabethJone18']
74,frank95054,[' @PoliticsOfFear']
75,dangerousalice,"[' @OccupySF', ' @OccupySF', ' @OccupySF']"
76,RedWorkerbot,[' @UnifiedLeft']
77,margaritateresa,"[' @SupermanHotMale', ' @gemimms: \xe2\x80\x9c@TheNewDeal']"
78,SabzBrach,[' @diceylee808']
79,airialclark,"[' @OccupySF', ' @hadearkandil', ' @OWNtheNWO']"
80,LuckyLeilani,[' @mobius1ski']
81,elctrodnd21,[' @TheNewDeal']
82,RevLea,"[' @NeffKen', ' @TheNewDeal', ' @TimothyS', ' @ElizabethJone18', ' @Benjamin_Flex', ' @Badgitator', ' @LibertyBelle4']"
83,OccupyOpenMind,[' @DSuperior']
84,VinceMalumBono,[' @C0d3Fr0sty']
85,Jessica_Shearer,[' @mkink']
86,campeaux,"[' @KeithOlbermann', ' @ChipleKira']"
87,Shiftinthinking,"[' @OccupySF', ' @OccupySF', ' @OccupySF', ' @OccupySF', ' @PyreBorn', ' @PyreBorn', ' @PyreBorn', ' @Badgitator', ' @Truthcaster1']"
88,Tigergal62,[' @TheNewDeal']
89,IglooAnonymous,[' @diceylee808']
90,NWDowns,"[' @PyreBorn', ' @PyreBorn', ' @PsychoNotLiz', ' @PyreBorn', ' @KeithOlbermann', ' @ChipleKira', ' @JoshuaHol', ' @PyreBorn', ' @PyreBorn', ' @PyreBorn', ' @PyreBorn', ' @daizy44: @PyreBorn', ' @PyreBorn', ' @JLownLaw', ' @PyreBorn', ' @WeROccupyUnited']"
91,INTLRevolver,"[' @LJSearles', ' @OccupySF', ' @vallie', ' @TheEdShow', ' @TheNewDeal', ' @OpWallStreet', ' @OccupySF', ' @CrisisJones', ' @TheBookVlogger']"
92,OccupyID,"[' @KeithOlbermann', ' @ChipleKira', ' @diceylee808']"
93,Aranjedeath,[' @saramikaila']
94,howlnmoon,"[' @JoshuaHol', ' @PyreBorn']"
95,Kevinovations,"[' @TorianBrown', ' @Badgitator']"
96,Hanksingle,"[' @TorianBrown', ' @KeithOlbermann', ' @ChipleKira']"
97,Christoph2012,[' @A_L_A_Politics']
98,NoToPalins,[' @LOLGOP']
99,StealthBull,[' @youtube']
100,Mattixbigs,[' @OpWallStreet']
101,Conan776,"[' @Spudlovr', ' @diceylee808']"
102,BFRESHPhoto,[' @seasonothebitch']
103,JayandSteve,"[' @LOLGOP', ' @Genespark', ' @youtube']"
104,dgsr505,[' @UnanimousHQ']
105,skweekie,"[' @OccupySF', ' @UnderdogLib', ' @anonops', ' @OccupySF', ' @sundeux', ' @TurboKitty', ' @DratSaddamWCK', ' @Robyn_DaHood: @headhntr @Fight4Fairness @YourAnonNews', ' @CultOfAngelique', ' @JosephKBlack: @andersoncooper', ' @DanaGirl', ' @GreeGreece', ' @themojowire']"
106,pllorenzo,"[' @WeOccupyAmerica', ' @CynthiaBoaz']"
107,Nick_Est,[' @cjohanns']
108,EmpressSteph,"[' @phillipanderson', ' @MattBors']"
109,aliyunafsah,[' @azmoderate']
110,bethechange75,"[' @mtlunasea', ' @KeithOlbermann']"
111,badweatherrr,[' @anonops']
112,DjSknee,"[' @TommySwitch', ' @Occupy_OKC']"
113,antonborst,"[' @KeithOlbermann', ' @ChipleKira']"
114,the_other_HK,[' @TheNewDeal']
115,CAFalk,[' @Seekadoo2']
116,KimbrlyKrautter,[' @CelluloidBlonde']
117,kmontenegro,[' @jeremyscahill']
118,dctwice,"[' @AnonymousIRC', ' @Wotansson']"
119,BlizzyBe,"[' @OccupySF', ' @OccupySF', ' @BlueDuPage']"
120,MarlowesFaustus,"[' @anonops', ' @deniseromano', ' @mpjackson', ' @TheNewDeal', ' @mobius1ski', ' @TheNewDeal']"
121,primeris,[' @anonops']
122,Snarkathon,[' @Badgitator']
123,GRTHEGREATEST1,[' @PoliticsOfFear']
124,HethreC,[' @DanielDenvir']
125,pishka,"[' @OccupyMainSt', ' @KeithOlbermann', ' @ChipleKira', ' @anonops', ' @OWNtheNWO', ' @PyreBorn']"
126,LifeasaReader,"[' @AnonKitsu', ' @mrbarnard1', ' @kelly_carlin']"
127,melanie0010,"[' @OccupySF', ' @Anon_Lobo', ' @timmytink', ' @TheEdShow', ' @sundeux', ' @diceylee808', ' @mtracey', ' @Luchia_: !@OccupyWallSt']"
128,RoyE_AU,[' @pyrmontvillage']
129,Nicotone,[' @Badgitator']
130,EricPiet,"[' @KeithOlbermann', ' @ChipleKira']"
131,OhMeadhbh,"[' @youtube', ' @youtube', ' @youtube']"
132,paris1939,[' @TheNewDeal']
133,pixplz,[' @jeremyscahill']
134,ToddColorado,[' @PyreBorn']
135,JonusMiles,[' @OccupySF']
136,CosmUnity,[' @DJHustle @T5JS @ArtisticBlog @magnifyk']
137,jimmytheheel,"[' @OccupySF', ' @LJSearles', ' @OccupySF', ' @geckomom', ' @miixxy', ' @k_l_h_j', ' @TurboKitty']"
138,Saccaparami,[' @ThomasRHart']
139,esd2000,"[' @labgrrl', ' @OccupyMainSt', ' @Valerie0714']"
140,DownWithTheBull,"[' @Kaymee', ' @AnonyOps']"
141,JackDeTate,[' @LJSearles']
142,Thunderbro_,[' @inbarati']
143,micchiato,[' @diceylee808']
144,OccupyToledo,[' @OccupySF']
145,NotWilson1,[' @anonops']
146,pagescster,[' @OccupySF']
147,RomperSTL,"[' @malcolmjackson', ' @rkl2195', ' @JLownLaw', ' @Teddy2500']"
148,AnonNep,[' @TakeWallStreet']
149,MikeElk,"[' @JoshuaHol', ' @PyreBorn']"
150,yonezawamacaron,"[' @phillipanderson', ' @ChipleKira']"
151,letfreedomspk,[' @deniseromano']
152,CACR25,[' @Badgitator']
153,lawscribe,"[' @KeithOlbermann', ' @ChipleKira']"
154,FackBuster,"[' @KeithOlbermann', ' @ChipleKira']"
155,MightyPenGirl,"[' @OpWallStreet', ' @kalpazan1', ' @PyreBorn', ' @WeROccupyUnited', ' @theblej', ' @jchicksrock', ' @alikat747', '\xe2\x80\x9c@OccupySF', ' @bradisinnewyork', ' @OWNtheNWO', ' @j3', ' @BenMcNulty', ' @LOLGOP', ' @AngryBlackLady', ' @SupermanHotMale', ' @sindikaria', ' @AnonyKonk: @BarackObama', ' @BrianDCrouse']"
156,bellanerdette,[' @jeremyscahill']
157,twatwaffle8,[' @jeremyscahill']
158,subiepick,"[' @OccupySF', ' @OccupySF', ' @OccupySF', ' @TheNewDeal', ' @OccupySF']"
159,Occupy3rdStone,"[' @LeeCamp', ' @LeeCamp']"
160,MAK7591,"[' @kkalmes2', ' @KeithOlbermann', ' @ChipleKira', ' @randytweets510', ' @jeremyscahill']"
161,ratkins,"[' @KeithOlbermann', ' @HotepNetcher']"
162,_joaniegirl,[' @Zoocritter']
163,boppy6,[' @jeremyscahill']
164,Ssimpatic,[' @OpWallStreet']
165,EnkindlerAnon,"[' @CalFireNews', ': @OccupyFDSF']"
166,gypsy18,"[' @KeithOlbermann', ' @ChipleKira']"
167,Screwcomforttoo,"[' @FreakOutNation', ' @Badgitator']"
168,shahid,[' @anonops']
169,mefranny,[' @Badgitator']
170,IronChad,[' @TriRunner302']
171,blackdognorth,[' @Benjamin_Flex']
172,aliasooze,[' @Beelzebjorn']
173,PASmokey,"[' @OccupySF', ' @OccupySF', ' @JoshuaHol', ' @PyreBorn']"
174,paul_fkn_y,[' @LOLGOP']
175,allanbrauer,[' @TheReidReport']
176,Athenae,[' @millbot']
177,mike42024769,[' @JLownLaw']
178,MiroCollas,"[' @KeithOlbermann', ' @ChipleKira']"
179,cjohanns,"[' @OccupySantaFe', ' @Beelzebjorn', ' @JLownLaw']"
180,smshetty,[' @SupermanHotMale']
181,grassrootzv,"[' @KeithOlbermann', ' @ChipleKira']"
182,SteveLussier,"[' @OccupySF', ' @OccupySF']"
183,myfaceinforums,[' @DonShappelle']
184,NYC_GMC,[' @marcocesarsaenz']
185,OccupyMainSt,"[' @CharlesBivona', ' @Badgitator', ' @JLownLaw']"
186,derrickcrowe,"[' @KeithOlbermann', ' @ChipleKira']"
187,endoJap,[' @AnonymousIRC']
188,Ognir2,[' @WeROccupyUnited']
189,GreeGreece,"[' @BlueDuPage', ' @TracyLeigh10']"
190,josephdemaria,"[' @KeithOlbermann', ' @ChipleKira']"
191,DemonProphet,"[' @ElizabethBrossa', ' @OccupyWallSt']"
192,peaceonstreets,[' @Spudlovr']
193,rivernewstc,[' @Jeannie_Hartley']
194,tnecniva,[' @majorityfm']
195,45JORDAN,[' @MoveOn']
196,arthurfragoso,[' @Badgitator']
197,RowleyGirl_4,"[' @TrueGilby', ' @OccupyWallSt', ' @robert3242', ' @CountdownKO']"
198,jimgigliotti,"[' @Spudlovr', ' @jeremyscahill', ' @Spudlovr', ' @Spudlovr', ' @SgBz']"
199,JefTek,[' @TheNewDeal']
200,CynthiaY29,"[' @CalFireNews', ': @OccupyFDSF', ' @PyreBorn']"
201,josh_ulino,"[' @Badgitator', ' @jeremyscahill']"
202,Dogpatch05,[' @ewshefarted']
203,viktorado,[' @OpWallStreet']
204,ElizabethWard2,[' @Herfarm']
205,mattdina,"[' @ConspiracyWATCH', ' @cjohanns: @MMFlint']"
206,JackHart67,[' @tnr']
207,OccupyHolidays,[' @Teddy2500']
208,marygkosta,"[' @Cocoxochitl', ' @MattBors', ' @JoshuaHol']"
209,volksmenner,"[' @OccupySF', ' @OccupySF']"
210,SonDancing,"[' @diceylee808', ' @Badgitator']"
211,superreturns,"[' @CharlesBivona', ' @anonops', ' @OccupyWallSt']"
212,The_News_DIVA,"[' @Jeannie_Hartley', ' @mobius1ski']"
213,rhymeswithran,[' @MJMcKean']
214,AaronBBrown,[' @OccupyBrooklyn']
215,kelliebrat61,[' @LibertyBelle4']
216,explainify,"[' @thomshouse', ' @p_auer']"
217,GabiElenaDohm,[' @jeremyscahill']
218,RickSmithShow,[' @seasonothebitch']
219,mean_uhh,[' @mobius1ski']
220,ADAPTChicago,[' @Badgitator']
221,Imlostinwyoming,"[' @Badgitator', ' @TakeWallStreet']"
222,adpucci,[' @MMFlint']
223,RubberRoomHotel,"[' @KeithSmooth', ' @evanchill']"
224,chrismclark,[' @ChipleKira']
225,CalFireNews,[': @OccupyFDSF']
226,bahnree,[' @OccupyWallSt']
227,lancejgosnell,"[' @OccupySantaFe', ' @sundeux', ' @Beelzebjorn', ' @WeROccupyUnited', ' @cjohanns', ' @JLownLaw']"
228,wendyjohnson_BA,"[' @KeithOlbermann', ' @ChipleKira']"
229,Beelzebjorn,"[' @raypride', ' @MattBors', ' @hadearkandil', ' @amandafrahm', ' @PyreBorn']"
230,MikkiCZ,[' @Badgitator']
231,TheSHW,[' @ZempOh']
232,tyler_c_kelley,"[' @OccupyComms: @MMFlint', ' @ReTweetAgain', ' @OccupyWallStNYC']"
233,EVICTIONSLA,[' @tommasonic']
234,Ziggy_Daddy,[' @Shoq']
235,robveliz,"[' @OccupySF', ' @OccupySF']"
236,Psy51,[' @Badgitator']
237,KarmickBrew,[' @akrockefeller']
238,kittylight,"[' @TorianBrown', ' @lynx55', ' @CalFireNews', ': @OccupyFDSF', ' @OccupySF']"
239,DadaIsGalletas,[' @CelluloidBlonde']
240,soybomber,"[' @OccupyMainSt', ' @mobius1ski', ' @KeithOlbermann', ' @ChipleKira', ' @mobius1ski', ' @WeROccupyUnited']"
241,IsaacHale,"[' @JoshuaHol', ' @PyreBorn', ' @Badgitator', ' @UltraVerified']"
242,flaviocafe,[' @mobius1ski']
243,TucsonOccupy,[' @Balkingpoints: @JeffSharlet']
244,justgrateful,[' @Genespark: @justgrateful @ows']
245,aerosolhalos,[' @Badgitator']
246,2bit_reportage,[' @jeremyscahill']
247,heartbraden,[' @hadearkandil']
248,everydaymuslim,"[' @KeithOlbermann', ' @ChipleKira']"
249,RichardH0well,[' @66sicksfishstix']
250,call_me_kimster,[' @TheNewDeal']
251,unklejohn,[' @WeOccupyAmerica']
252,EvanPokroy,"[' @politicsofamy', ' @HuffingtonPost']"
253,UANO1CATS,[' @RichardKimNYC']
254,diceylee808,[' @mtracey']
255,occpal,"[' @hadearkandil', ' @Smithsofia', ' @hadearkandil']"
256,skooks,"[' @KeithOlbermann', ' @ChipleKira']"
257,CocoPazzo,"[' @veggieterrain', '@MMFlint']"
258,Meisju,"[' @KeithOlbermann', ' @ChipleKira']"
259,Loading1333,[' @myrddenbuckley']
260,Jelperman,[' @MattBors']
261,taylorsilvestri,[' @Badgitator']
262,ciruelas_rojas,[' @LOLGOP']
263,StevConnor,[' @TdottH']
264,oyemenena,"[' @KeithOlbermann', ' @ChipleKira']"
265,CCC4Hope,[' @SenatorSanders']
266,DBAYJR,[' @TheOther99']
267,ShalyG,[' @OpWallStreet']
268,BlackOceanGhost,[' @Badgitator']
269,KKElephant,[' @Badgitator']
270,AlexLFz,[' @Tokyo_Tom']
271,KurtSchlichter,[' @CalFireNews']
272,ArtandLogik,"[' @KeithOlbermann', ' @ChipleKira']"
273,RearNakedSmoke,"[' @KeithOlbermann', ' @ChipleKira']"
274,greenthumbnails,[' @WeROccupyUnited']
275,Master0fPuppets,"[' @KeithOlbermann', ' @ChipleKira']"
276,jazzidiot,[' @michaelschaub']
277,dove_hawk,"[' @kittylight', ' @kittylight', ' @kittylight', ' @kittylight', ' @kittylight', ' @kittylight: \xe2\x80\x9c@anonops', ' @kittylight: \xe2\x80\x9c@Truth247', ' @kittylight: \xe2\x80\x9c@LOLGOP', ' @OccupySF']"
278,NotQuiteMary,[' @TheOther99']
279,klaptastic,[' @PyreBorn']
280,Tim_Sanchez,"[' @KeithOlbermann', ' @ChipleKira']"
281,chillchuckchill,[' @shannona_smith']
282,Calin_EU,[' @OccupySF']
283,rbscaife,[' @OccupySF']
284,Adam_Stirling,[' @TheNewDeal']
285,BigBizznass,"[' @OccupySF', ' @OccupySF', ' @WeROccupyUnited']"
286,guykanon,"[' @red_rogers', ' @dominique_e_', ' @WallStProtests', ' @because_thalb', ' @TracyLeigh10', ' @ILoveHumansClub', ' @CelluloidBlonde', ' @ToddColorado', ' @PyreBorn', ' @VoiceFromLeft', ' @OWNtheNWO']"
287,revmagdalen,"[' @hadearkandil', ' @Smithsofia']"
288,matthewme23,"[' @diceylee808', ' @anonops', ' @KeithOlbermann', ' @anonops', ' @OccupyWallSt', ' @OccupyWallSt', ' @ThomasRHart', ' @jamiekilstein', ' @HuffingtonPost', ' @SenatorSanders', ' @SupermanHotMale', ' @lynx55', ' @McBlondeLand', ' @darianknight', ' @paisleyrae', ' @PyreBorn']"
289,jeskriske,"[' @KeithOlbermann', ' @ChipleKira']"
290,movimty,"[' @mobius1ski', ' @2011rebelion']"
291,_Snafubar_,[' @peterrothberg']
292,ismailhpolat,[' @diceylee808']
293,timetrick,[' @anonops']
294,JonathanDBrown,[' @kelly_carlin']
295,joshuacstephens,[' @jeremyscahill']
296,johnrennhack,"[' @phillipanderson', ' @MattBors']"
297,smacknrat,"[' @CharlesBivona', ' @TheBookVlogger', ' @humanright2home']"
298,starcaster,[' @anonops']
299,MistrGreen56,[' @TheNewDeal']
300,NouriNv,[' @JeffreyFeldman']
301,Manpuncher,[' @leighalexander']
302,ElizabethJone18,"[' @beetle_eater', ' @CalFireNews', ': @OccupyFDSF', ' @PyreBorn', ' @OccupySF', ' @holidaygoheavy', ' @Dymaxion']"
303,Truthcaster1,"[' @OccupyWallSt', ' @CharlesBivona', ' @OccupyWallSt', ' @UltraVerified']"
304,Cin_Le1,[' @robertolobianco']
305,rtoberl,[' @michellemalkin']
306,korpdawg,[' @TheNewDeal']
307,GomerWHoward,"[' @crewislife', ' @TheNewDeal', ' @Anomaly100', ' @UnderdogLib', ' @todayspolitics']"
308,CoyoteOnPeyote,[' @Badgitator']
309,Zjlynch,[' @C0d3Fr0sty']
310,UnseenLetterbox,[' @PyreBorn']
311,SirrK,[' @OccupyAlbany']
312,andrewbigdoor,"[' @diceylee808', ' @Badgitator', ' @KeithOlbermann', ' @ChipleKira', ' @UltraVerified', ' @superbranch', ' @OccupyWallSt']"
313,sisbuzz,"[' @deniseromano: @Pirata13', ' @Dharmapunk12', ' @UnderdogLib', ' @kikiki321', ' @sillymickel']"
314,KeithOlbermann,[' @ChipleKira']
315,CaraCordoni,"[' @OccupySF', ' @OccupySF']"
316,manbear,"[' @theblej', ' @j3']"
317,oneunionmom,[' @jackwadeshow']
318,galatorg,"[' @cjohanns', ' @cjohanns', ' @OccupySF']"
319,themick1962,[' @derekahunter']
320,marxistveteran,[' @OccupySantaFe']
321,JenEvolve,[' @CelluloidBlonde']
322,soynicay,"[' @TheRealGiest', ' @anonops']"
323,fistbait,[' @Badgitator']
324,megather,[' @BaileyMcC']
325,Tibby1989,[' @anonops']
326,ClassicBookworm,[' @Badgitator']
327,LutherPatenge,[' @PennyRed']
328,UrbanForager,"[' @WeOccupyAmerica', ' @CynthiaBoaz']"
329,opticaldensity,"[' @Cocoxochitl', ' @MattBors', ' @JoshuaHol', ' @cjohanns', ' @Luchia_: !@OccupyWallSt', ' @C0d3Fr0sty']"
330,xalisae,"[' @DeadJack57', ' @DeadJack57']"
331,TheChaseNight,[' @AnonNCarolina2']
332,dissenting,"[' @doctordrewl', ' @realalexjones']"
333,MentalPoison,[' @wordpressdotcom']
334,LJSearles,[' @OccupySF']
335,RobertBogdal,"[' @JoshuaHol', ' @PyreBorn', ' @KeithOlbermann', ' @ChipleKira']"
336,daweiner,"[' @Badgitator', ' @KeithOlbermann', ' @ChipleKira']"
337,DrinkBeerN0tTea,[' @FreakOutNation']
338,unpaidtroll,[' @revmagdalen: @TheNewDeal']
339,MikePFrank,[' @occupythefuture']
340,Rebecca1nAZ,[' @kkalmes2']
341,artkiver,[' @OccupySF']
342,bluedutchess726,"[' @diceylee808', ' @OOOlson', ' @VoidSeed', ' @guardian', ' @UnderdogLib', ' @anonops', ' @Valerie0714', ' @UnderdogLib', ' @OccupyMainSt', ' @WeOccupyAmerica', ' @Spudlovr', ' @AnonyMissBadger']"
343,Sinj1,"[' @PirateWench', ' @PirateWench']"
344,asaslight,[' @Badgitator']
345,shonan_naminori,[' @millbot']
346,mykatmikey,"[' @Shoq: @AP', ' @KeithOlbermann', ' @LibertyBelle4', ' @TheNewDeal']"
347,YezeniaPoulsen,"[' @allisonkilkenny', ' @MotherJones', ' @KeithOlbermann', ' @ChipleKira']"
348,modsix,[' @anonops']
349,Ironic_IconsArt,[' @OccupyHouston']
350,DougEDougie,"[' @OccupySF', ' @OccupySF', ' @OccupySF']"
351,martinperna,[' @jeremyscahill']
352,sindikaria,"[' @The99Percenters', ' @PsychoNotLiz', ' @OccupyMainSt', ' @csobol']"
353,DubMasterC,[' @Spudlovr']
354,prancingpapio,"[' @JoshuaHol', ' @PyreBorn']"
355,TheBookVlogger,[' @Badgitator']
356,PyreBorn,"[' @OccupySF', ' @OccupySF', ' @Badgitator', ' @JoshuaHol', ' @PyreBorn', ' @daizy44: @PyreBorn', ' @JLownLaw', ' @WeROccupyUnited']"
357,JoAllisonHenn,[' @kelly_carlin']
358,xbradx75,"[' @KeithOlbermann', ' @ChipleKira']"
359,stevenstim,[' @ewshefarted']
360,swianecki,[' @brookejarvis']
361,jxxmxx,[' @OccupySF']
362,Dawn_GN,"[' @ClassicBookworm', ' @ClassicBookworm', ' @jeremyscahill']"
363,BangoRkt,[' @KBDPHD']
364,LinkIzMyHomeboy,[' @Badgitator']
365,LibertyBelle4,[' @Thomasgivens']
366,occupyamsterdam,[' @OccupyWallSt']
367,Kaymee,"[' @JLownLaw', ' @miixxy', ' @TheNewDeal', ' @AnonNCarolina2', ' @OccupySF', ' @OccupyMainSt', ' @KeithOlbermann', ' @ChipleKira', ' @JoshuaHol', ' @PyreBorn', ' @RailWriter: @Kaymee', ' @Min_Reyes', ' @RuralBC', ' @UltraVerified', ' @WeROccupyUnited']"
368,OccupyOrlandoFL,[' @OccupyOrlMedia: @occupywallst']
369,LeXKalibur,"[' @KeithOlbermann', ' @ChipleKira']"
370,bexistntlcrisis,[' @GhostPanther']
371,OWNtheNWO,"[' @KeithOlbermann', ' @ChipleKira']"
372,BillCody,[' @Badgitator']
373,CitizenWorm,"[' @consciouslibert', ' @KrisKaos']"
374,alikat747,['\xe2\x80\x9c@OccupySF']
375,DaveMc99TA,[' @Valerie0714']
376,ANarrowView,[' @Badgitator']
377,Johnnyjuby,[' @Badgitator']
378,ProjectCambio,"[' @OccupySF', ' @OccupySF']"
379,keeth,[' @lukec']
380,democrab,[' @tnr']
381,Marshallsfuture,"[' @WeROccupyUnited', ' @Badgitator']"
382,ivyrayne83,[' @anonops']
383,komcaast,[' @Pootentate']
384,AccidentalBear,[' @BrettGleason']
385,babaoreilymike,"[' @Beelzebjorn', ' @UnderdogLib', ' @todayspolitics', ' @Badgitator']"
386,KaraAlesandra,[' @KeithOlbermann']
387,WarOnErrorDKos,"[' @CalFireNews', ': @OccupyFDSF']"
388,kittylightsCat,"[' @kittylight', ' @kittylight', ' @kittylight', ' @kittylight', ' @kittylight', ' @kittylight', ' @kittylight', ' @cjohanns']"
389,AntarianRani,"[' @jackwadeshow', ' @TheNewDeal', ' @JeffSharlet']"
390,2foodie,[' @Spudlovr']
391,peterdamien,[' @MJMcKean']
392,AnonOws,"[' @ForseenUnNamed', ' @WeROccupyUnited']"
393,JorgexMA,"[' @OccupySF', ' @Beelzebjorn']"
394,naveplanetoide,"[' @TheNewDeal', ' @TheNewDeal']"
395,Anti_Secret,"[' @anonops', ' @PyreBorn']"
396,pswswiney,"[' @KeithOlbermann', ' @KeithOlbermann', ' @ChipleKira']"
397,phillipanderson,"[' @MattBors', ' @seasonothebitch', ' @ChipleKira']"
398,Maikel_Mangapul,"[' @AngieignA: @Maikel_Mangapul', ' @Metro_TV']"
399,PMgeezer,[' @rspires1952']
400,charliezugasti,[' @Badgitator']
401,wavyca,"[' @inbarati', ' @glorie_: @andersoncooper', ' @TooBigToBail', ' @DrBenway23']"
402,eriqsaurusrex,[' @jeremyscahill']
403,get_enlightened,"[' @diceylee808', ' @RowleyGirl_4', ' @Beelzebjorn']"
404,JaniceKay5,[' @OccupySF']
405,papabearblaker,"[' @TorianBrown', ' @KeithOlbermann', ' @ChipleKira']"
406,thedailyfishfry,[' @pixls']
407,Perazza,"[' @KeithOlbermann', ' @ChipleKira']"
408,FreiahD,"[' @KeithOlbermann', ' @ChipleKira']"
409,ElleCSid,[' @TheNewDeal']
410,theJGway,[' @AnonKitsu']
411,monicareida,[' @micahuetricht']
412,plathrop7,[' @Badgitator']
413,tommymiles,"[' @Anon_is_you: @AnonyOps', ' @hadearkandil']"
414,welchem89,"[' @OccupyWallSt', ' @CharlesBivona']"
415,Shadow_Frau,"[' @KeithOlbermann', ' @ChipleKira']"
416,FiteTruth2Power,[' @Beelzebjorn']
417,distantlover125,[' @TorianBrown']
418,RayPayola,[' @anonops']
419,ActivistsVoice,[' @OccupySantaFe']
420,hamudistan,[' @bembel']
421,Jockque,[' @jackwadeshow']
422,NationalReset,[' @dominicksaia']
423,paralax999,[' @OccupyWallSt']
424,justoneblackman,"[' @public_archive', ' @dominique_e_', ' @AngryBlackLady', ' @AngryBlackLady']"
425,ShawnMilli,"[' @rustymk2', ' @alphaisforever']"
426,chantzerolin,[' @SGardinier']
427,boilthebeast,[' @azmoderate']
428,AGrandKerfuffle,"[' @JLownLaw', ' @mobius1ski', ' @JLownLaw']"
429,ReemMosleh,[' @OccupyWallSt']
430,bsmood,"[' @KeithOlbermann', ' @ChipleKira']"
431,LeftyJeenyus,[' @WashPahpin: @LeftyJeenyus @SVNTHLTTR']
432,OpWallStreet,"[' @angelsavant', ' @TorianBrown', ' @TakeWallStreet']"
433,LeightonCardno,"[' @KeithOlbermann', ' @ChipleKira']"
434,halabalusa,[' @CharlesBivona']
435,syaume,[' @thedejavudu']
436,portugaltheman,"[' @CelluloidBlonde', ' @PyreBorn']"
437,_in_lakech,[' @anonops']
438,Luchia_,"[' @Valerie0714', ' @KeithOlbermann', ' @ChipleKira']"
439,five15design,"[' @KeithOlbermann', ' @ChipleKira']"
440,bailey_carlson,[' @m_cetera']
441,meimichan,"[' @JoshuaHol', ' @PyreBorn']"
442,kyduchess,"[' @PhattyF', ' @HumanityCritic', ' @OccupySantaFe']"
443,AudreyEwell,[' @99_film']
444,bebird,"[' @azmoderate', ' @kittyFitz50', ' @OccupyResults', ' @Badgitator', ' @KeithOlbermann', ' @ChipleKira', ' @OccupySF', ' @hadearkandil', ' @Smithsofia']"
445,little_sparrows,[' @OccupySF']
446,zenDR,[' @diceylee808']
447,only_positivity,[' @TheNewDeal']
448,aarondhknight,[' @jeremyscahill']
449,TexasCommie,"[' @UnifiedLeft', ' @LOLGOP']"
450,veggieterrain,"['@MMFlint', ' @TheNewDeal', ' @OccupyMainSt']"
451,maximosis,"[' @KeithOlbermann', ' @ChipleKira']"
452,Psycho_Iko,[' @anonops']
453,lhsalmon,"[' @Leslie_Wolfe', ' @TheNewDeal']"
454,Tosfm,"[' @timmytink', ' @TheEdShow', ' @diceylee808', ' @mtracey']"
455,occupyRiverside,"[' @OccupyRedlands: @OccupyRiverside @OccupyLA @OWSLosAngeles', ' @OccupyRedlands @OccupyRiverside @OccupyLA @OWSLosAngeles', ' @OccupySF', ' @OccupySF', ' @OccupySF']"
456,Occupy_duess,"[' @TheBookVlogger', ' @WeROccupyUnited', ' @KeithOlbermann', ' @ChipleKira', ' @Badgitator', ' @OpWallStreet']"
457,WolfNW,"[' @KeithOlbermann', ' @ChipleKira']"
458,franniebobannie,"[' @timmytink', ' @TheEdShow', ' @MitchHurley', ' @hadearkandil']"
459,okiedeb64,[' @ChipleKira']
460,colanana,"[' @SenatorSanders', ' @OpWallStreet', ' @TorianBrown']"
461,AgentMomost,"[' @KeithOlbermann', ' @ChipleKira']"
462,WeROccupyUnited,[' @OccupySF']
463,shannona_smith,"[' @TheNewDeal', ' @AlanColmes', ': @Shoq', ' @Shoq', ' @daveweigel', ' @OccupyWallSt']"
464,katwithabook,[' @OccupySF']
465,farewellRPBLC,[' @mobius1ski']
466,katiaperuca,[' @GreeGreece']
467,ShelleyBuck,"[' @CalFireNews', ': @OccupyFDSF']"
468,AcePants,[' @diceylee808']
469,Minus777,[' @WhyWeOccupy']
470,hughcmcbride,[' @MattBors']
471,HahaYoureFunny,"[' @diceylee808', ' @WeOccupyAmerica', ' @CynthiaBoaz']"
472,GeorgeAngus,[' @PoliticsOfFear']
473,LadybugJennlee,"[' @KeithOlbermann', ' @ChipleKira']"
474,treisiroon,"[' @Asher_Wolf', ' @WikileaksTruck', ' @geckomom']"
475,carrig41,"[' @butttless', ' @JGChesney']"
476,Procoolgranny,"[' @JoshuaHol', ' @JoshuaHol', ' @MattBors', ' @sunshineejc: @OccupyWallStreet', ' @TheNewDeal', ' @jeremyscahill']"
477,ChristofPierson,[' @UltraVerified']
478,The99Percenters,"[' @JLownLaw', ' @OccupySantaFe', ' @OccupySF', ' @Badgitator', ' @KeithOlbermann', ' @ChipleKira', ' @JLownLaw', ' @cjohanns', ' @OccupyToledo', ' @WeROccupyUnited', ' @OpWallStreet']"
479,UnanimousHQ,[' @cryptogon']
480,Kinniska,"[' @Shoq', ' @jackwadeshow', ' @OccupySF', ' @jackwadeshow']"
481,realthaniil,"[' @KeithOlbermann', ' @ChipleKira']"
482,piqueristic,[' @LOLGOP']
483,LauraShezBar,[' @Badgitator']
484,MiranHosny,[' @hadearkandil']
485,Can_ada,"[' @because_thalb', ' @sundeux', ' @BrainTrack', ' @PlanetPOV', ' @OccupySF', ' @public_archive', ' @dominique_e_']"
486,zeltserman,[' @michaelidov']
487,londonriots8,"[' @KeithOlbermann', ' @ChipleKira']"
488,Occupythebanks,[' @radicalbytes']
489,txmeljo,[' @TheNewDeal']
490,chema1686,[' @anonops']
491,bakerbacare,"[' @CalFireNews', ': @OccupyFDSF']"
492,good2bgreene,"[' @sundeux', ' @WeROccupyUnited']"
493,mattmdiaz,"[' @OccupySantaFe', ' @hadearkandil', ' @Badgitator']"
494,db_s_turbosnail,"[' @hadearkandil', ' @Smithsofia', ' @C0d3Fr0sty']"
495,diydanna,[' @diceylee808']
496,OccupyOrlMedia,"[' @sundeux', ' @OpWallStreet']"
497,raycapiral,[' @deniseromano']
498,DlorenDarnell,"[' @HuffingtonPost', ' @michellemalkin', ' @Herfarm', ' @Herfarm']"
499,RhythmFootPrint,[' @CharlesBivona']
500,1Viperbabe,[' @JLownLaw']
501,OccupySeattle,"[' @Badgitator', ' @BlackLagooner', ' @diceylee808', ' @OccupySF']"
502,Helyxcious,"[' @OccupySF', ' @OccupySF']"
503,Stephano_N,[' @OccupyWallSt']
504,Corruptbastards,[' @MMFlint']
505,ElizabethBrossa,[' @OccupyMainSt']
506,Aidanwakefield,"[' @KeithOlbermann', ' @ChipleKira']"
507,Spudlovr,"[' @tazshedevl', ' @dominicksaia', ' @millbot', ' @hnombi', ' @CGoHome']"
508,j9lonehill,[' @CelluloidBlonde']
509,ishtarmuz,"[' @SoufiandMe', ' @TheTranshuman', ' @LJSearles', ' @OccupySF', ' @OccupySF', ' @WeOccupyAmerica']"
510,melissaS130,"[' @ChipleKira: @KeithOlbermann', ' @anonops']"
511,lulusgirl888,"['\xe2\x80\x9c@SabzBrach', '\xe2\x80\x9c@ForseenUnNamed', ' @BiffSpliff: \xe2\x80\x9c@ModernBetsy']"
512,nbcapobia,[' @Badgitator']
513,thedrunkdriver,[' @anonops']
514,dvnix,"[' @PhattyF', ' @HumanityCritic', ' @AngryBlackLady', ' @AngryBlackLady', ' @Art_Guy1', ' @Shoq']"
515,steadyblogging,[' @OccupyWallSt']
516,KaruJOY,[' @AnonymousIRC']
517,NinaNerdFace,[' @OccupyMainSt']
518,Manpanzeehawk,[' @anonops']
519,popart84,[' @majorityfm']
520,OpPanama,[' @anonops']
521,nom_de_fume,"[' @OccupyWallSt', ' @TheNewDeal']"
522,cliffbaker9,"[' @Spudlovr', ' @OccupyMainSt']"
523,laurenglasscock,[' @turnageb']
524,miss_millions,[' @TheOther99: @TheOther99']
525,suzannah_mpls,[' @LibertyBelle4']
526,kallou22,[' @sundeux']
527,UsRevolt11,"[' @boffchops', ' @WeOccupyAmerica', ' @OpWallStreet', ' @Teddy2500', ' @sindikaria', ' @PsychoNotLiz', ' @OccupyMainSt: @ErinBurnettCNN', ' @JLownLaw']"
528,lukelavanway,[' @OccupyWallSt']
529,cee_skwared,[' @mobius1ski']
530,Adreadonymous,"[' @anonops', ' @OccupySF']"
531,NDHduz,"[' @JoshuaHol', ' @PyreBorn', ' @CalFireNews', ' @PyreBorn']"
532,Citizen1452,[' @OccupySF']
533,BlackGod917,"[' @public_archive', ' @dominique_e_']"
534,nyceducation,"[' @KeithOlbermann', ' @OccupyBrooklyn']"
535,chachiTHEgr8,[' @TheNewDeal']
536,mospiritu,"[' @WeOccupyAmerica', ' @CynthiaBoaz']"
537,mamachao23,[' @MJMcKean']
538,_ScottRoy,[' @CalFireNews']
539,amedee,[' @RoelVerrycken']
540,ChipleKira,[' @99_film']
541,jcporter1,"[' @TimothyS', ' @TimothyS']"
542,kenjey,[' @singlepayer']
543,AnonyMissBadger,[' @occupygreenbay']
544,wheeliesmom,"[' @Titleixbaby', ' @lynx55', ' @BlueDuPage', ' @OccupySF', ' @WeOccupyAmerica', ' @McBlondeLand', ' @Badgitator', ' @McBlondeLand', ' .@KeithOlbermann', ' @KeithOlbermann', ' @ChipleKira']"
545,lookupfolks,[' @rspires1952']
546,MarcoCesarSaenz,[' @OccupyWallSt']
547,OccupySomething,"[' @WhatMattersNews', ' @TorianBrown', ' @PoliticsOfFear', ' @PoliticsOfFear', ' @firehat', ' @randytweets510', ' @TheNewDeal']"
548,AlvinsMom,"[' @OccupySantaFe', ' @PhattyF', ' @HumanityCritic']"
549,politicsofamy,[' @HuffingtonPost']
550,Masta420Chiefa,[' @C0d3Fr0sty']
551,pqpolitics,"[' @Min_Reyes', ' @diceylee808']"
552,EXplorerDasta,[' @mobius1ski']
553,bonapartess1,[' @TheNewDeal']
554,brx0,"[' @LibertyBelle4', ' @Thomasgivens', ' @saramikaila']"
555,jhwygirl,"[' @DougEDougie', ' @OccupySF']"
556,southsidedeauce,[' @opticaldensity']
557,DiverCTH,[' @butttless']
558,thewindsofwar,"[' @OccupySF', ' @Saccaparami', ' @LJSearles', ' @LJSearles', ' @OccupySF', ' @i8wamu', ' @OccupySF', ' @Badgitator', ' @WeROccupyUnited', ' @PyreBorn', ' @WeROccupyUnited', ' @PyreBorn', ' @ElizabethJone18', ' @Dymaxion']"
559,AgainstOblivion,[' @C0d3Fr0sty']
560,vallie,[' @TheEdShow']
561,WEou812,"[' @KeithOlbermann', ' @ChipleKira']"
562,mikepropst,[' @MJMcKean']
563,WThomasMarks,[' @JoshuaHol']
564,ganralf7,[' @Beelzebjorn']
565,TopCat_TC,"[' @LJSearles', ' @timmytink', ' @TheEdShow']"
566,GaryRidesBikes,[' @bikeswarm']
567,adamluebke,[' @KeithOlbermann']
568,Bartisan,[' @GhostPanther']
569,OccupyNorthCal,[' @OpWallStreet']
570,ParadiseGray,[' @OpWallStreet']
571,MikeHeXt,"[' @diceylee808', ' @BABYDIABOLICAL', ' @anonops', ' @AnonyOps']"
572,linzgay,[' @OccupyVancouver']
573,SirMcHaggis,[' @mobius1ski']
574,sweet1kim,"[' @KeithOlbermann', ' @ChipleKira']"
575,alphadm,"[' @JoshuaHol', ' @PyreBorn']"
576,miixxy,"[' @HuggyBear116', ' @TorianBrown', ' @joemerino5', ' @AnonNCarolina2', ' @CelluloidBlonde']"
577,ladykayaker,"[' @Hexham67', ' @PyreBorn']"
578,hjertebraaten,"[' @hadearkandil', ' @hadearkandil']"
579,statikluft,[' @TheNewDeal']
580,janniaragon,[' @LOLGOP']
581,wrobson,"[' @KeithOlbermann', ' @ChipleKira']"
582,goundermytongue,[' @millbot']
583,AntonioFlores00,[' @Badgitator']
584,bioticvector,"[' @KeithOlbermann', ' @ChipleKira']"
585,djtroublemaker,[' @majorityfm']
586,cheappoet,"[' @WeOccupyAmerica', ' @CynthiaBoaz', ' @UnderdogLib', ' @todayspolitics', ' @CharlesBivona', ' @jeremyscahill', ' @OccupyMainSt', ' @WeOccupyAmerica']"
587,spacefroot,[' @diceylee808']
588,ScurvyMcRickets,[' @anonops']
589,BuzzIzarownd,"[' @KeithOlbermann', ' @ChipleKira']"
590,public_archive,[' @dominique_e_']
591,RecommTweet,[' @MPwrites']
592,LusciousLani,"[' @CalFireNews', ': @OccupyFDSF']"
593,amanicdroid,[' @arclight']
594,Wednesday33,[' @2011rebelion']
595,joukjebroier,[' @kaatje36']
596,Craftmydemise,[' @Badgitator']
597,LilEsBella,"[' @KeithOlbermann', ' @ChipleKira']"
598,notPICNIC,[' @zeitkunst']
599,MiroWare,"[' @mobius1ski', ' @anonops']"
600,LGJuanDewey,[' @MoveOn']
601,Fallaryn,[' @ElizabethJone18']
602,msaf,"[' @anonops', ' @jeremyscahill', ' @Badgitator', ' @mobius1ski']"
603,LiviaBorak,[' @lawscribe']
604,SvenStraatveit,"[' @TorianBrown', ' @BlackLagooner']"
605,Pootentate,"[' @ElizabethJone18', ' @PyreBorn', ' @ElizabethJone18', ' @Dymaxion', ' @OccupyMainSt: @ErinBurnettCNN']"
606,evlance,"[' @KeithOlbermann', ' @ChipleKira']"
607,rocketgirl3914,[' @Badgitator']
608,lexcampbell,[' @marcocesarsaenz']
609,ccharvella,[' @Badgitator']
610,crissymoss,[' @ForseenUnNamed']
611,vickycrampton,"[' @TheNewDeal', ' @TheNewDeal', ' @Leslie_Wolfe', ' @TheNewDeal']"
612,andrewmcgill,[' @shortformblog']
613,mki_mom,"[' @JoshuaHol', ' @PyreBorn']"
614,ApolloForever,[' @jeremyscahill']
615,jandroid,[' @OccupyOregon']
616,literaryleft,[' @ClassStruggler']
617,adamwebs1,"[' @occupyRiverside', ' @OccupyRedlands @OccupyRiverside @OccupyLA @OWSLosAngeles']"
618,aiz3319,"[' @PyreBorn', ' @Truthcaster1']"
619,vieillefemme,[' @mobius1ski']
620,mbooshay,[' @livestream']
621,banditelli,[' @seasonothebitch']
622,OccupyAppleton,"[' @OccupySF', ' @OccupySF', ' @OccupySF', ' @WeROccupyUnited', ' @KeithOlbermann', ' @ChipleKira']"
623,AtomAu,"[' @BigMoe_', ' @OccupySF', ' @PyreBorn', ' @TheNewDeal']"
624,kaatje36,"[' @KeithOlbermann', ' @guaracybm', ' @sindikaria', ' @Tramz93', ' @AaronBBrown', ' @OccupyBrooklyn']"
625,hadearkandil,"[' @Smithsofia', ' @FourYawkeyWay: @hadearkandil']"
626,JamesSTL77,[' @Teddy2500']
627,KVSwagger,[' @diceylee808']
628,Alioops007,[' @ANTISECTARIAN']
629,JethroGibbsFan,"[' @KeithOlbermann', ' @ChipleKira']"
630,Renaistweet,"[' @CalFireNews', ': @OccupyFDSF']"
631,ZK82,[' @anonops']
632,revrendoni,"[' @TheNewDeal', ' @WeOccupyAmerica', ' @Badgitator']"
633,dj_moni,[' @WeROccupyUnited']
634,Gloves4Masons,[' @tommasonic']
635,amartinfoley,[' @TheNewDeal']
636,jashsf,"[' @BlueDuPage', ' @McBlondeLand']"
637,laflifa,[' @TheNewDeal']
638,Angelete71,[' @OccupySF']
639,JoBremerton,[' @anonops']
640,CrownCityCuts,[' @Badgitator']
641,markwhitt1,"[' @TheNewDeal', ' @TheNewDeal', ' @TheNewDeal', ' @anonops', ' @kcravenmusic: @OccupyFlorida']"
642,lexky1,[' @UnderdogLib']
643,Sweet_Reason,[' @MoveOn']
644,Matt_Mahaney,"[' @KeithOlbermann', ' @ChipleKira']"
645,Demopublican1,[' @red_rogers']
646,AuntInAZ,[' @LOLGOP']
647,kcravenmusic,[' @mobius1ski']
648,tannazebd,"[' @KeithOlbermann', ' @ChipleKira']"
649,statmanbaugh,"[' @KeithOlbermann', ' @ChipleKira']"
650,vtknitboy,[' @WeOccupyAmerica']
651,lautarodamato,[' @Badgitator']
652,freespeach2,"[' @Screwcomforttoo', ' @JoshuaHol', ' @PyreBorn']"
653,cherrytreecig,"[' @pourmecoffee', ' @reddit']"
654,NewCarlisleNews,"[' @KeithOlbermann', ' @ChipleKira']"
655,angelsavant,[' @ArrghPaine']
656,Isajah78,"[' @edgewatercreek', ' @diceylee808', ' @mtracey']"
657,Hussein_Jaafar,"[' @KeithOlbermann', ' @ChipleKira']"
658,Man0101oWar,['@patrickshampine']
659,SMitchell38,"[' @TheNewDeal', ' @TheNewDeal']"
660,trevineanise,"[' @KeithOlbermann', ' @ChipleKira']"
661,alnayeb,[' @TheNewDeal']
662,DratSaddamWCK,[' @anonops']
663,zenbazooka,[' @MJMcKean']
664,bratmeg,[' @OccupyMN']
665,Moon_Shadows,"[' @mobius1ski', ' @OccupySF', ' @TheNewDeal']"
666,Rusty626,[' @mobius1ski']
667,GuerrillaDaily,"[' @OccupySF', ' @sundeux']"
668,phileeznuts,[' @anonops']
669,DakotaNorthAnon,"[' @PyreBorn', ' @CalFireNews', ': @OccupyFDSF', ' @PyreBorn', ' @ElizabethJone18', ' @Dymaxion']"
670,AMSPRINGDOTORG,[' @ARTIESWORLD']
671,beetle_eater,"[' @KeithOlbermann', ' @ChipleKira']"
672,mtlunasea,"[' @WeROccupyUnited', ' @diceylee808', ' @mtracey']"
673,Shikona,[' @SupermanHotMale']
674,ReaLiveArtist,"[' @CosmUnity', ' @OccupyMainSt', ' @OccupyMainSt']"
675,Hardline_Stance,"[' @liveforthesun', ' @PoliticsOfFear', ' @bfrysworld']"
676,JeannedarcRemko,"[' @KeithOlbermann', ' @ChipleKira']"
677,realsociology,[' @TheOther99']
678,mindofH,"[' @KeithOlbermann', ' @ChipleKira', ' @PyreBorn', ' @CelluloidBlonde']"
679,AnonymousFL,[' @anonops']
680,braifycakes,[' @marygkosta']
681,MostafaCFE,[' @Dharmapunk12']
682,AnnieAngst,"[' @WeOccupyAmerica', ' @CynthiaBoaz']"
683,yesreallyy,[' @JosephKBlack']
684,nicoles,"[' @CalFireNews', ': @OccupyFDSF', ' @OccupySF', ' @BigBizznass', ' @OccupySF']"
685,King_Gonad,"[' @OccupyWallSt', ' @jeremyscahill', ' @TheNewDeal', ' @ZandarVTS']"
686,OccupyKauai,"[' @mobius1ski', ' @KeithOlbermann', ' @ChipleKira']"
687,Clarknt67,[' @GoOnBeCrazy']
688,Anonops_Cop,[' @AnonKitsu']
689,emiliawrites,[' @seasonothebitch']
690,trvslogan,[' @OccupyWallSt']
691,javimorillo,[' @tinadupuy']
692,lonnie509,[' @TheNewDeal']
693,SpreadButter,"[' @Barry_O44', ' @Barry_O44']"
694,yelbley,[' @neverfox']
695,TheZparty,[' @findantruth']
696,SuzanneTwoTon,"[' @OccupySF', ' @KeithOlbermann', ' @ChipleKira', ' @JC_Christian', ' @diceylee808', ' @mtracey']"
697,Titleixbaby,[' @Beyerstein']
698,evaottesmith,"[' @guardian', ' @guardian', ' @guardian']"
699,DieLowen,[' @OccupyMainSt']
700,hlebcats,"[' @Din_SFLA', ' @KeithOlbermann', ' @ChipleKira']"
701,Itsmekelly,"[' @KeithOlbermann', ' @ChipleKira']"
702,Muslims4RonPaul,"[' @Moizzil', ' @TakeWallStreet']"
703,Azurke,[' @DaveMc99TA']
704,quirkyme,"[' @KeithOlbermann', ' @ChipleKira']"
705,occupy_berlin,[' @OpWallStreet']
706,maxberger,[' @Badgitator']
707,michaelwhitney,[' @phillipanderson']
708,Jay_in_Omaha,"[' @TheNewDeal', ' @KrisKaos', ' @OccupySF']"
709,n4rky,"[' @CalFireNews', ': @OccupyFDSF']"
710,TheRagingCelt,"[' @KeithOlbermann', ' @ChipleKira']"
711,WindyCityRednek,[' @rightinillinois']
712,robinjpearson,"[' @codeamazon', ' @BlackLagooner', ' @Min_Reyes', ' @DanonNewsNet']"
713,Seekadoo2,[' @OccupyWallSt']
714,Tokyo_Tom,"[' @Lizardoid', ' @akrockefeller', ' @thereisawayjose', ' @Sannri', ' @OccupyMainSt', ' @miixxy', ' @TracyLeigh10']"
715,lilibat,"[' @Nikchick', ' @TheNewDeal']"
716,carolerae,[' @Valerie0714']
717,TaraNeverTerra,[' @Badgitator']
718,chhockle,"[' @OccupySF', ' @OccupySF', ' @ElizabethJone18', ' @Dymaxion']"
719,adamhudson5,"[' @JoshuaHol', ' @PyreBorn']"
720,Bobbitz1944,[' @TheNewDeal']
721,RyanHigginsRyan,[' @OccupyWallSt']
722,deviousjenna,"[' @OccupySF', ' @Badgitator', ' @OccupySantaFe', ' @alanranta']"
723,GlobalRevLive,"[' @sundeux', ' @WeROccupyUnited']"
724,DanaGirl,[' @GreeGreece']
725,vaneeesa,"[' @WikiTerms', ' @WikiTerms', ' @WikiTerms', ' @WikiTerms', ' @WikiTerms']"
726,Nosapaid,[' @BCeeGee']
727,Beal187,[' @AnonymousIRC']
728,buckzollo,[' @GhostPanther']
729,IELMCC,[' @UnionPlus']
730,Jennyjinx,[' @TheNewDeal']
731,justindarc,"[' @KeithOlbermann', ' @ChipleKira']"
732,trident90,[' @Badgitator']
733,rjkuyvenhoven,[' @jeremyscahill']
734,malcolmjackson,[' @kathiewallace']
735,Ciudadano_Zer0,[' @OccupyMainSt']
736,daveweeden,"[' @Beyerstein', ' @TheNewDeal']"
737,ma5terenexili0,"[' @TorianBrown', ' @Min_Reyes', ' @RuralBC']"
738,OccupyKC,[' @Beelzebjorn']
739,acatman,"[' @OccupyMainSt', ' @GoOnBeCrazy', ' @tmsimmz']"
740,antmuni,[' @Badgitator']
741,FernandoSabines,[' @KeithOlbermann']
742,Nemokrati,[' @Beelzebjorn']
743,J4LYN,"[' @hadearkandil', ' @diceylee808', ' @mtracey', ' @JLownLaw', ' @JackHart67: @MikeBloomberg', ' @lipstickham', ' @OWNtheNWO', ' @ElizabethJone18', ' @Dymaxion']"
744,liubaldo_garcia,"[' @CelluloidBlonde', ' @KeithOlbermann', ' @ChipleKira', ' @Badgitator', ' @mobius1ski', ' @CelluloidBlonde']"
745,heatherhydra,"[' @BlackLagooner', ' @KeithOlbermann', ' @ChipleKira', ' @OpWallStreet']"
746,prajnaseek,"[' @inwpress', ' @inwpress', ' @inwpress', ' @inwpress', ' @inwpress', ' @inwpress', ' @inwpress', ' @inwpress', ' @inwpress', ' @inwpress', ' @inwpress']"
747,SJ_duh,[' @ElizabethJone18']
748,wrenandox,[' @LJSearles']
749,JBeres87,[' @KeithOlbermann']
750,malaeus,"[' @OccupyComms', ' @Asher_Wolf', ' @TheOther99: @TheOther99', ' @deniseromano', ' @KeithOlbermann', ' @ChipleKira', ' @OccupyWallSt', ' @kcravenmusic: @OccupyFlorida']"
751,CelluloidBlonde,[' @chiplekira: @KeithOlbermann']
752,Guy_Tweeting,"[' @KeithOlbermann', ' @ChipleKira']"
753,LaLaurLaura,[' @OccupyOrlMedia: @occupywallst']
754,justinhaaheim,[' @jeremyscahill']
755,alyssa011968,"[' @livestream', ' @KeithOlbermann', ' @ChipleKira']"
756,big_dl77,[' @WhyWeOccupy']
757,kassandria13,"[' @OccupyMainSt', ' @CharlesBivona']"
758,berkchops,"[' @KeithOlbermann', ' @ChipleKira']"
759,camicakes_,"[' @KeithOlbermann', ' @ChipleKira']"
760,brendanorrell,[' @WeROccupyUnited']
761,Little_Luna1,[' @Badgitator']
762,torinstweets,"[' @biinT', ' @PyreBorn', ' @BenMcNulty']"
763,Cocoxochitl,"[' @MattBors', ' @JoshuaHol']"
764,johnpgatta,"[' @KeithOlbermann', ' @ChipleKira']"
765,EisMC2,[' @ThomasRHart']
766,shoutcacophony,[' @OccupySF']
767,Janiebt,"[' @KeithOlbermann', ' @ChipleKira']"
768,BrainTrack,[' @PlanetPOV']
769,judderwocky,"[' @TorianBrown', ' @TakeWallStreet']"
770,KMM_OR,[' @OccupySF']
771,mikebabz,"[' @mpchristoffels', ' @CNN']"
772,d3z78,[' @anonops']
773,anamsiddiq,[' @duylinhtu']
774,LandLLaBoy,[' @cjohanns']
775,CraigBlaylock,"[' @OccupyWallSt', ' @superbranch', ' @OccupyWallSt']"
776,twitrbugs,"[' @DaveMc99TA', ' @LOLGOP']"
777,saraGcouture,"[' @phillipanderson', ' @AACina: @AJStream']"
778,rattlecans,"[' @cjohanns', ' @JoshuaHol', ' @PyreBorn']"
779,UnderdogLib,"[' @anonops', ' @PyreBorn']"
780,MissRedy,[' @akrockefeller']
781,sKgBdub,[' @pixls']
782,spirefly,[' @Badgitator']
783,rustymk2,[' @alphaisforever']
784,laurenj_ellis,[' @OccupyWallSt']
785,DeemaM,[' @Badgitator']
786,yarddonky,"[' @Badgitator', ' @OccupyMainSt', ' @PsychoNotLiz', ' @diceylee808', ' @mtracey', ' @KeithOlbermann', ' @ChipleKira']"
787,GoOnBeCrazy,"[' @KeithOlbermann', ' @ChipleKira', ' @UnderdogLib', ' @PyreBorn']"
788,zoesch,[' @Badgitator']
789,JoeyBoots78,[' @Badgitator']
790,sophantastic93,[' @TheOther99: @TheOther99']
791,theevilhour,"[' @KeithOlbermann', ' @ChipleKira']"
792,dpfournier,[' @BlueDuPage']
793,mfu,[' @jeremyscahill']
794,S_Paden11,[' @Badgitator']
795,Hacksperger,[' @AnonymousIRC']
796,rivenhomewood,"[' @BevanWhitfield', ' @misosusanowa']"
797,amandalilja8,[' @OccupyVancouver']
798,ihadaneviltwin,[' @MeTheMessinger']
799,AlohaEvery1,"[' @The99Pct', ' @The99Pct']"
800,aeidinger,[' @justgrateful']
801,joanwalsh,"[' @JoshuaHol', ' @PyreBorn']"
802,rayvyn2k,[' @KeithOlbermann']
803,The_Proletarian,"[' @bveeus', ' @AnonymousIRC']"
804,KforKallisti,[' @JosephKBlack']
805,BradMarston,[' @derekahunter']
806,KirsteninMT,[' @neverfox']
807,1sideways8,"[' @allisonkilkenny', ' @OccupyWallStNYC']"
808,fresh__air,[' @Badgitator']
809,StargazingFire,"[' @OccupySantaFe', ' @TheLoneDeranger', ' @sundeux', ' @Beelzebjorn']"
810,seemegonzo,[' @Badgitator']
811,Bilked2TheBrink,"[' @TheNewDeal', ' @TheNewDeal', ' @TheNewDeal', ' @TheNewDeal', ' @TheNewDeal']"
812,RedArmyChef,[' @k_l_h_j: @mariacaranto']
813,1940_1980,"[' @anonops', ' @OccupySF']"
814,nepsik_proto,[' @TheNewDeal']
815,search4truth1,"[' @UnderdogLib', ' @todayspolitics']"
816,Amanda_j_w,['@anjalimullany']
817,danicosme,[' @OccupyWallSt @KeithOlbermann']
818,Shayne213,"[' @TexasCommie', ' @UnifiedLeft', ' @PyreBorn']"
819,IamNickyT,[' @ElizabethJone18']
820,alaskaRP,"[' @OccupyWallSt', ' @jeremyscahill']"
821,WeCanBeatEczema,"[' @BABYDIABOLICAL', ' @jeremyscahill']"
822,madhousemirror,[' @peterrothberg']
823,BrianDCrouse,"[' @Min_Reyes', ' @DanonNewsNet']"
824,tjgdolphin,"[' @TheNewDeal', ' @TheNewDeal']"
825,3lis3Ashl3y,[' @sundeux']
826,3rdShftSexClerk,"[' @KeithOlbermann', ' @ChipleKira']"
827,MastaMp3,"[' @KeithOlbermann', ' @ChipleKira']"
828,Amywhere,"[' @Beelzebjorn', ' @cjohanns', ' @Seekadoo2', ' @OpWallStreet', ' @TheNewDeal']"
829,KrissyRubbles,"[' @LiveFree24x7', ' @cmfcknw']"
830,liujingsheng001,[' @OccupyPics']
831,rkell,[' @Jeannie_Hartley']
832,heidi6300,[' @Badgitator']
833,FunkynFortunate,[' @mytwistedwords1: @jacobchicago']
834,TProlificJones,"[' @KeithOlbermann', ' @ChipleKira']"
835,Matias_DreadScy,[' @Badgitator']
836,ryanjnagle,"[' @tinadupuy', ' @martinperna', ' @jeremyscahill']"
837,johntheBasterd,"[' @KeithOlbermann', ' @ChipleKira']"
838,rowan_celeste,[' @TheNewDeal']
839,because_thalb,"[' @hyperlocavore', ' @KeithOlbermann', ' @ChipleKira', ' @occupygreenbay', ' @LJSearles', ' @Badgitator', ' @Wonkette', ' @TracyLeigh10', ' @AngryBlackLady', ' @AngryBlackLady']"
840,wrwarwick,[' @anonops']
841,StigNasty,[' @TheNewDeal']
842,OccupyWallSt,"[' @CharlesBivona', ' @diceylee808', ' @Badgitator', ' @mobius1ski', ' @UltraVerified']"
843,fiorentina5,[' @mobius1ski']
844,AnonNCarolina2,"[' @cjohanns', ' @angela0328', ' @diceylee808', ' @ChipleKira', ' @ChipleKira']"
845,Santnamor2013,"[' @Tokyo_Tom', ' @akrockefeller', ' @thereisawayjose', ' @Sannri']"
846,Mikee1da,"[' @OccupySF', ' @sundeux']"
847,Eva_in_Oregon,"[' @OccupySF', ' @OccupySF', ' @PyreBorn']"
848,ptypk,[' @ChipleKira']
849,agentska,"[' @JoshuaHol', ' @PyreBorn']"
850,DonShappelle,"[' @Balkingpoints: @JeffSharlet', ' @OccupyMainSt', ' @EddieAtari: @OccupyWallSt', ' @ClassicBookworm', ' @KeithOlbermann', ' @ChipleKira']"
851,christianepps,[' @MotherJones']
852,sandra1672,[' @diceylee808']
853,berinder,[' @Beelzebjorn']
854,Photoronin3,[' @mobius1ski']
855,pandazizou,[' @TrueGilby']
856,livvy_xox,[' @anonops']
857,evilllamas,[' @OccupyWallSt']
858,WomanVote,[' @TheNewDeal']
859,born2twittah,"[' @WeOccupyAmerica', ' @CynthiaBoaz', ' @jeremyscahill']"
860,forever_flavor6,"[' @jopauca', ' @joehump52: @OccupyWallStNYC']"
861,Phraise_one,[' @TheOther99']
862,Bavilabo,[' @anonops']
863,leeand00,"[' @Jeannie_Hartley', ' @labgrrl', ' @LucyKafanov', ' @jeremyscahill', ' @BigMoe_', ' @kikiki321', ' @Spudlovr', ' @Spudlovr', ' @Tokyo_Tom', ' @miixxy']"
864,Wanderer19,"[' @KeithOlbermann', ' @OccupySF', ' @OccupySF']"
865,No_Bozo,[' @burgerbuilders']
866,JGibsonDem,[' @AngryBlackLady']
867,NewAmericaMedia,[' @jeffsharlet']
868,99Prcnt,"[' @paisleyrae', ' @PyreBorn']"
869,strawprophet,[' @OccupyAnchorage: \xe2\x80\x9c@aldrichj']
870,expressional,"[' @jeremyscahill', ' @GoddessBlue']"
871,b_strange,[' @MattBors']
872,acid_,[' @PennyRed']
873,ACCBiggz,"[' @KeithOlbermann', ' @ChipleKira']"
874,Peaceisillegal,[' @Badgitator']
875,curiouscliche,"[' @DanielDenvir', ' @Cryptomeorg']"
876,Rev_LeePhillips,[' @Jeannie_Hartley: @Mia_Farrow']
877,iteabellsingers,[' @The99Pct']
878,philly1776,[' @MattBors']
879,lynx55,"[' @CalFireNews', ': @OccupyFDSF', ' @OccupySF', ' @kittylight: \xe2\x80\x9c@anonops', ' @TracyLeigh10', ' @hnombi', ' @CGoHome']"
880,RafaelMorataya2,[' @SEIUenEspanol']
881,DerekAldous,"[' @KeithOlbermann', ' @ChipleKira']"
882,billgcta,"[' @TheNewDeal', ' @KeithOlbermann', ' @ChipleKira']"
883,bori_214,"[' @anonops', ' @eli_d_m', ' @CelluloidBlonde', ' @majorityfm']"
884,Garou_Cuac,"[' @CharlesBivona', ' @YouTube']"
885,ImogeneM1,[' @TheNewDeal']
886,shilkytouch,"[' @schwartzbrown', ' @gemimms']"
887,Andreas24x7,"[' @KeithOlbermann', ' @ChipleKira']"
888,LUCKYMW,"[' @JoshuaHol', ' @PyreBorn']"
889,kikiki321,"[' @Din_SFLA', ' @WeOccupyAmerica', ' @OccupyMainSt', ' @KeithOlbermann', ' @ChipleKira']"
890,LKmpf,[' @diceylee808']
891,UnifiedLeft,"[' @OccupyMainSt', ' @TorianBrown']"
892,conductorebrio,"[' @Badgitator', ' @mobius1ski', ' @KeithOlbermann', ' @ChipleKira']"
893,ellinjaa,"[' @CharlesBivona', ' @Badgitator']"
894,GreggJLevine,"[' @OccupySF', ' @JoshuaHol', ' @PyreBorn', ' @phillipanderson', ' @ChipleKira']"
895,kidcaregiver,"[' @OccupySF', ' @sundeux', ' @JoshuaHol', ' @PyreBorn', ' @WeROccupyUnited']"
896,burgerbuilders,"[' @OccupySF', ' @diceylee808', ' @OccupyWallSt']"
897,favstar_pop,"[' @WeOccupyAmerica', ' @CynthiaBoaz', ' @ThomasRHart']"
898,fragileeve,[' @Badgitator']
899,lipstickham,"[' @sundeux', ' @shannona_smith']"
900,CraigR3521,[' @PoliticsOfFear']
901,MuxerMaravilla,[' @AngryBlackLady']
902,jeffbrewerjr,[' @TheNewDeal']
903,dannydoodar,"[' @KeithOlbermann', ' @HotepNetcher', ' @kelly_carlin', ' @OccupyMainSt', ' @bobbarrick']"
904,BSidesNarrative,[' @ashleykingsley']
905,andreadevinney,[' @TheNewDeal']
906,ghalyah4life,[' @youtube']
907,JahFurry,[' @seasonothebitch']
908,TheNewPopulists,"[' @codeamazon', ' @k_l_h_j: @mariacaranto', ' @BSox_Revolution']"
909,jameswhitely,[' @KeithOlbermann']
910,ANGRYSAM,[' @labgrrl']
911,achariw,[' @Zoocritter']
912,GaloiseE,[' @Badgitator']
913,LRJD,[' @derekahunter']
914,mangobeach,"[' @Spudlovr', ' @Saccaparami', ' @TurboKitty', ' @tazshedevl', ' @Spudlovr', ' @dominicksaia', ' @peterrothberg', ' @Saccaparami', ' @Valerie0714', ' @Spudlovr', ' @millbot', ' @TracyLeigh10', ' @OpWallStreet', ' @TheNewDeal', ' @dmcrane', ' @AngryBlackLady', ' @AngryBlackLady']"
915,Queiroga_,[' @anonops']
916,2KindsJustice,"[' @JLownLaw', ' @Spudlovr']"
917,SalCtrProg,[' @millbot']
918,Desencubridor,[' @Badgitator']
919,monkeyofdarknes,"[' @KeithOlbermann', ' @ChipleKira']"
920,chemoelectric,"[' @LibertyBelle4', ' @LibertyBelle4', ' @Thomasgivens']"
921,gyrizar,"[' @KeithOlbermann', ' @ChipleKira']"
922,VegasPhotog,[' @jimmytheheel: @TurboKitty']
923,TksABunchJohn,[' @GeekHillbilly']
924,N1CKG_g,[' @PattyOnEdge']
925,OOOlson,"[' @VoidSeed', ' @guardian']"
926,HeartOfOrion,"[' @CalFireNews', ': @OccupyFDSF', ' @LJSearles', ' @OccupySF', ' @OccupySF']"
927,VendettaStudies,"[' @OccupySF', ' @OccupySF']"
928,mamajo76,[' @anonops']
929,LittonFire,[' @miixxy']
930,Pixelfish,[' @52stations']
931,Obamaphile,[' @WeOccupyAmerica']
932,BadMonsanto,[' @OccupySF']
933,nayan1875,[' @NeffKen: @MikeBloomberg @NYCMayorsOffice @NYGovCuomo']
934,watergatesummer,"[' @McBlondeLand', ' @BlueDuPage', ' @LibertyBelle4', ' @jmalsin', ' @McBlondeLand', ' .@KeithOlbermann']"
935,arielpoland,[' @ForseenUnNamed']
936,americanzpring,"[' @PyreBorn', ' @JoshuaHol', ' @PyreBorn', ' @ElizabethJone18', ' @PyreBorn', ' @alikat747', '\xe2\x80\x9c@OccupySF', ' @OccupyToledo', ' @OWNtheNWO', ' @ElizabethJone18', ' @Dymaxion']"
937,JoshuaHol,[' @PyreBorn']
938,CrimeCaster,"[' @deniseromano', ' @Badgitator', ' @public_archive', ' @JosephKBlack', ' @bradisinnewyork']"
939,k_l_h_j,"[' @chachiTHEgr8', ' @TheNewDeal']"
940,BuoySirUs,[' @Badgitator']
941,Niahlist78,"[' @OpWallStreet', ' @WeROccupyUnited']"
942,KarynBakoCA,"[' @CalFireNews', ': @OccupyFDSF', ' @KeithOlbermann', ' @ChipleKira']"
943,HenryZeniewicz,"[' @akrockefeller', ' @thereisawayjose', ' @Sannri', ' @labgrrl', ' @OccupySF', ' @OccupySF', ' @Spudlovr', ' @azmoderate']"
944,AceOfChubbz,[' @mobius1ski']
945,highway39,[' @MirelaMonte']
946,bebullish20k,"[' @TheNewDeal', ' @TheNewDeal']"
947,branadams,[' @dominique_e_']
948,MsRamy,[' @ChefKreyolAyiti']
949,48thave,[' @OccupySF']
950,robin_egg_blue_,[' @TheNewDeal']
951,eraser,[' @meiwd']
952,TakeWallStreet,[' @TorianBrown']
953,littlejolit,[' @Spudlovr']
954,matt_v_824,[' @Badgitator']
955,SexasaurusRAWR,[' @Badgitator']
956,radiofreejordan,[' @lawscribe']
957,mgpettit,"[' @OccupySF', ' @BigBizznass', ' @OccupySF']"
958,OccupySaltLake,"[' @jhwygirl', ' @DougEDougie', ' @OccupySF', ' @OpWallStreet', ' @sundeux']"
959,Zintia_nl,"[' @lawscribe', ' @EricGass', ' @youtube']"
960,EdHinJr,[' @jeremyscahill']
961,oglhaiti,[' @dominique_e_']
962,rckvm,"[' @KeithOlbermann', ' @ChipleKira']"
963,anonlgrisback,[' @C0d3Fr0sty']
964,OccupyWallStNYC,"[' @KeithOlbermann', ' @ChipleKira', ' @mobius1ski', ' @Badgitator']"
965,Leoslaire,[' @OccupySF']
966,Ikuestion,"[' @Jehuniko1', ' @solbutterfly']"
967,Gobanian,[' @CharlesBivona']
968,A_L_A_Politics,"[' @pdneko', ' @99Prcnt']"
969,ChillOutSquad,[' @Badgitator']
970,madeline_oh,[' @seasonothebitch']
971,Aine,"[' @youtube', ' @youtube', ' @KeithOlbermann', ' @ChipleKira', ' @diceylee808']"
972,cgpb,"[' @TimothyChutes', ' @shortformernie', ' @Beelzebjorn']"
973,CultOfAngelique,[' @OpWallStreet']
974,Vida_Jay,"[' @OccupyWallSt', ' @jeremyscahill', ' @OccupyWallSt']"
975,KliphScurlock,[' @TheOther99: @TheOther99']
976,fpaulin,[' @inbarati']
977,AngryHuman43,[' @TakeWallStreet']
978,bob_dane,[' @OpWallStreet']
979,emmaleelife,[' @AnonKitsu']
980,MoAli87,"[' @KeithOlbermann', ' @ChipleKira']"
981,JennaRayJedi,[' @majorityfm']
982,dirtyknives,[' @AnonymousIRC']
983,Toasterrr,[' @diceylee808']
984,oPHILOSORAPTORo,[' @Trutherton']
985,jasminepw,[' @AddThis']
986,StillDiggin,"[' @OccupySF', ' @OccupySF', ' @OccupySF', ' @OccupySF', ' @OccupySF']"
987,OccupyNCGBORO,"[' @angela0328', ' @BlueDuPage']"
988,mjsunflowerjj,"[' @KeithOlbermann', ' @ChipleKira']"
989,GyouzaSpec,[' @JGChesney']
990,thatsLILO,[' @Badgitator']
991,hush2012,"[' @KeithOlbermann', ' @ChipleKira']"
992,jefe331,[' @anonops']
993,justforclasss,[' @Badgitator']
994,ancasuiu,[' @KTVU']
995,MinkoffMinx,[' @TheNewDeal']
996,oakAsfan24,[' @TheNewDeal']
997,paisleyrae,[' @PyreBorn']
998,hemiix3,[' @anonops']
999,TX_YCL,[' @UnifiedLeft']
1000,LGwhat,[' @Badgitator']
1001,jscottfitzwater,[' @tinadupuy']
1002,identitytempl8,[' @ClassicBookworm']
1003,ArianaFaustini,"[' @sundeux', ' @WeROccupyUnited', ' @OccupyToledo', ' @ToddColorado', ' @PyreBorn', ' @OWNtheNWO', ' @66sicksfishstix', ' @PyreBorn']"
1004,MPlatt4,"[' @Leslie_Wolfe', ' @TheNewDeal']"
1005,ReTweetAgain,"[' @OpWallStreet', ' @KeithOlbermann', ' @ChipleKira', ' @OpWallStreet', ' @mobius1ski', ' @OccupyWallStNYC', ' @TakeWallStreet']"
1006,jugganautical,[' @alphaisforever']
1007,cwebba1,[' @Titleixbaby']
1008,Daigansf,[' @OccupyWallSt']
1009,mafuok,"[' @soynicay', ' @NewAmericaMedia', ' @jeffsharlet']"
1010,azmoderate,"[' @Valerie0714', ' @WeOccupyAmerica']"
1011,rhabarbeer,[' @occupy_berlin']
1012,MiyazakiMegu,"[' @TheNewDeal', ' @csobol', ' @BuoySirUs', ' @kallou22', ' @Min_Reyes', ' @The99Percenters', ' @Shoq', ' @J4LYN', ' @BatshitGOP', ' @Min_Reyes', ' @UnifiedLeftNews', ' @crazyjane13']"
1013,indigojourney,"[' @OccupySF', ' @OccupySF', ' @sundeux', ' @Beelzebjorn']"
1014,kstatik,"[' @PyreBorn', ' @saramikaila']"
1015,odees2,[' @C0d3Fr0sty']
1016,roaming_radical,[' @OccupySF']
1017,misfitjen,[' @anonops']
1018,LiveFree24x7,[' @cmfcknw']
1019,Libertarian52,[' @PoliticsOfFear']
1020,liamrulz,"[' @PyreBorn', ' @holidaygoheavy']"
1021,AnonBecca,[' @WeROccupyUnited']
1022,bmaz,"[' @phillipanderson', ' @seasonothebitch']"
1023,kittystryker,"[' @CalFireNews', ': @OccupyFDSF']"
1024,bazingainc,[' @kkalmes2']
1025,xica25,"[' @gwynnek', ' @KeithOlbermann', ' @ChipleKira']"
1026,ConspiracyWATCH,[' @cjohanns: @MMFlint']
1027,6eep6eep,"[' @jackwadeshow', ' @Badgitator']"
1028,A_Lambillion,[' @GuerillaMonk']
1029,RawwrrrRyan,"[' @KeithSmooth', ' @evanchill']"
1030,LuckyGirlBlue,[' @CharlesBivona']
1031,LaidBackFarmer,"[' @deniseromano', ' @KeithOlbermann', ' @ChipleKira']"
1032,KyleStyle4,[' @ThomasRHart']
1033,BlueDuPage,"[' @OccupyMainSt', ' @OccupySantaFe']"
1034,campamocha7,[' @SuperFastMovies']
1035,Kim_SFB,[' @Badgitator']
1036,enjen99,"[' @Badgitator', ' @KeithOlbermann', ' @ChipleKira']"
1037,JoeyBoots,[' @youtube']
1038,memimemimy,[' @FreakOutNation']
1039,Break1_9,"[' @99_film', ' @Badgitator', ' @diceylee808', ' @sundeux', ' @WeROccupyUnited', ' @KeithOlbermann', ' @ChipleKira', ' @TorianBrown', ' @TakeWallStreet', ' @UltraVerified']"
1040,PhattyF,[' @HumanityCritic']
1041,SocialApocalyps,"[' @i8wamu', ' @Badgitator']"
1042,autolysis,[' @allisonkilkenny']
1043,KNDEA,[' @diceylee808']
1044,SarinMods,[' @Badgitator']
1045,baysocialist,[' @WeROccupyUnited']
1046,siblatha,[' @mobius1ski']
1047,99_occupy,[' @99_film']
1048,napcat1947,[' @TheNewDeal']
1049,WhatMattersNews,"[' @LyndsayFarlow', ' @A_L_A_Politics', ' @josh2462', ' @mrsteele28', ' @lovexinfiniti', ' @millbot', ' @margiemetz44', ' @thomascarpe']"
1050,TheAngryindian,"[' @evaottesmith', ' @guardian']"
1051,alanpdx,[' @saramikaila']
1052,frogsarelovely,"[' @DaveMc99TA', ' @TTSCanada', ' @PyreBorn']"
1053,Timothy_S,[' @CharlesBivona']
1054,darrenlund,[' @hadearkandil']
1055,Min_Reyes,[' @RuralBC']
1056,zatch6789,"[' @AACina', ' @99_film']"
1057,Prime_116,"[' @randytweets510', ' @jeremyscahill']"
1058,MyDixie_Wrecked,[' @Badgitator']
1059,okiebowl,"[' @OccupySF', ' @WeOccupyAmerica']"
